{
    "Train_accuracy_score": 0.9541284403669725,
    "Test_accuracy_score": 0.8481675392670157,
    "Test_precision_score": 0.64,
    "Test_recall_score": 0.7441860465116279,
    "Test_f1_score": 0.6881720430107526,
    "AUC_score": 0.9211973601508485
}
