{
    "Train_accuracy_score": 0.9541284403669725,
    "Test_accuracy_score": 0.8324607329842932,
    "Test_precision_score": 0.6078431372549019,
    "Test_recall_score": 0.7209302325581395,
    "Test_f1_score": 0.6595744680851063,
    "AUC_score": 0.9236329352608423
}
