{
    "Train_accuracy_score": 0.9541284403669725,
    "Test_accuracy_score": 0.8324607329842932,
    "Test_precision_score": 0.6122448979591837,
    "Test_recall_score": 0.6976744186046512,
    "Test_f1_score": 0.6521739130434783,
    "AUC_score": 0.9188403519798869
}
